epoch,time,train/box_loss,train/cls_loss,train/l1_loss,metrics/precision(B),metrics/recall(B),metrics/mAP50(B),metrics/mAP50-95(B),val/box_loss,val/cls_loss,val/l1_loss,lr/pg0,lr/pg1,lr/pg2
1,26.0423,1.81465,4.8037,0.01626,0.00882,0.2064,0.03409,0.01802,1.64,5.23698,0.01726,0.000219202,0.000219202,0.000219202
2,45.715,1.74646,3.56669,0.01546,0.67833,0.21331,0.19999,0.0946,1.78901,3.88724,0.01962,0.000437164,0.000437164,0.000437164
3,64.2763,1.75287,3.03638,0.01593,0.52098,0.26456,0.2347,0.11405,1.77984,3.4815,0.01978,0.000650724,0.000650724,0.000650724
4,82.5633,1.74435,2.72679,0.01559,0.48579,0.34062,0.33715,0.16659,1.82408,3.0342,0.02095,0.00064719,0.00064719,0.00064719
5,101.222,1.72725,2.4533,0.01532,0.68223,0.30356,0.34881,0.17432,1.76927,2.84174,0.01965,0.000640587,0.000640587,0.000640587
6,119.764,1.73197,2.35721,0.01553,0.67606,0.33482,0.3609,0.18272,1.76429,2.57107,0.01885,0.000633983,0.000633983,0.000633983
7,138.184,1.6987,2.23135,0.01519,0.58734,0.37601,0.38769,0.1976,1.75365,2.44747,0.01901,0.00062738,0.00062738,0.00062738
8,156.615,1.693,2.14252,0.01493,0.658,0.34871,0.39406,0.20009,1.72712,2.37261,0.01881,0.000620777,0.000620777,0.000620777
9,175.13,1.66584,2.00297,0.01472,0.55917,0.36947,0.39195,0.19882,1.7789,2.23134,0.0198,0.000614174,0.000614174,0.000614174
10,192.936,1.69127,1.9865,0.01516,0.86105,0.31471,0.40553,0.20265,1.77604,2.14273,0.01932,0.00060757,0.00060757,0.00060757
11,211.279,1.66504,1.87451,0.01473,0.65362,0.39808,0.41614,0.2079,1.77741,2.05156,0.01911,0.000600967,0.000600967,0.000600967
12,229.644,1.66936,1.83287,0.01468,0.76753,0.36065,0.41822,0.20778,1.77866,2.01104,0.01952,0.000594364,0.000594364,0.000594364
13,247.845,1.64994,1.79094,0.01461,0.64148,0.39037,0.41817,0.20293,1.87578,2.0361,0.02183,0.00058776,0.00058776,0.00058776
14,266.095,1.66009,1.74019,0.01428,0.77151,0.38318,0.43077,0.21437,1.753,1.83373,0.01863,0.000581157,0.000581157,0.000581157
15,284.747,1.65454,1.69279,0.01428,0.66418,0.41933,0.43817,0.21173,1.79341,1.81429,0.01909,0.000574554,0.000574554,0.000574554
16,302.865,1.63912,1.65377,0.01409,0.69775,0.43018,0.44192,0.21706,1.7885,1.80195,0.01917,0.00056795,0.00056795,0.00056795
17,321.028,1.6469,1.62395,0.01429,0.69206,0.39825,0.44222,0.21863,1.7882,1.82582,0.01951,0.000561347,0.000561347,0.000561347
18,339.64,1.65264,1.63155,0.01468,0.69169,0.4325,0.45134,0.22251,1.77879,1.73783,0.01893,0.000554744,0.000554744,0.000554744
19,358.051,1.62712,1.5748,0.01446,0.72558,0.4122,0.45853,0.23199,1.75476,1.70998,0.01873,0.000548141,0.000548141,0.000548141
20,376.394,1.62579,1.55466,0.0144,0.72681,0.43624,0.46722,0.23704,1.7663,1.67283,0.01882,0.000541537,0.000541537,0.000541537
21,394.62,1.6212,1.51197,0.0143,0.706,0.42003,0.46879,0.22829,1.79097,1.67455,0.01948,0.000534934,0.000534934,0.000534934
22,412.832,1.62421,1.50857,0.01385,0.68206,0.44899,0.48557,0.245,1.75371,1.60205,0.01868,0.000528331,0.000528331,0.000528331
23,431.116,1.60541,1.46837,0.01396,0.59897,0.47457,0.48712,0.24174,1.75512,1.61602,0.01864,0.000521727,0.000521727,0.000521727
24,449.205,1.61031,1.49326,0.01418,0.69914,0.40784,0.437,0.21642,1.75675,1.68542,0.01863,0.000515124,0.000515124,0.000515124
25,467.308,1.59545,1.48193,0.01404,0.81261,0.42488,0.47961,0.24041,1.75486,1.57693,0.01844,0.000508521,0.000508521,0.000508521
26,485.498,1.58593,1.38445,0.01363,0.64814,0.49313,0.4811,0.23436,1.8081,1.62322,0.01893,0.000501917,0.000501917,0.000501917
27,503.798,1.59776,1.40234,0.01339,0.62977,0.4502,0.46741,0.23115,1.77426,1.62549,0.01893,0.000495314,0.000495314,0.000495314
28,521.867,1.57226,1.37623,0.01392,0.66008,0.45078,0.47451,0.23669,1.7691,1.57199,0.01896,0.000488711,0.000488711,0.000488711
29,539.954,1.58986,1.38015,0.01367,0.70046,0.43787,0.47024,0.23435,1.8035,1.57078,0.01898,0.000482108,0.000482108,0.000482108
30,557.988,1.58181,1.37109,0.01364,0.6562,0.46208,0.48081,0.24164,1.79175,1.53625,0.019,0.000475504,0.000475504,0.000475504
31,576.245,1.56583,1.35631,0.01343,0.77724,0.43361,0.48656,0.24404,1.76072,1.53295,0.01853,0.000468901,0.000468901,0.000468901
32,594.63,1.55721,1.32249,0.01286,0.77882,0.44856,0.50157,0.24728,1.7849,1.52739,0.01902,0.000462298,0.000462298,0.000462298
33,613.122,1.55826,1.31923,0.0131,0.62083,0.4525,0.48235,0.24005,1.80279,1.51558,0.01892,0.000455694,0.000455694,0.000455694
34,631.291,1.55282,1.28216,0.01288,0.73882,0.41463,0.46777,0.23439,1.82781,1.52455,0.0193,0.000449091,0.000449091,0.000449091
35,649.526,1.54891,1.29595,0.01316,0.75394,0.4611,0.49834,0.24315,1.77845,1.48268,0.01866,0.000442488,0.000442488,0.000442488
36,667.566,1.54681,1.3231,0.0127,0.77345,0.45771,0.50203,0.24437,1.77172,1.49469,0.01876,0.000435884,0.000435884,0.000435884
37,685.733,1.54568,1.29949,0.013,0.70553,0.4575,0.48802,0.24525,1.79291,1.46474,0.01896,0.000429281,0.000429281,0.000429281
38,704.04,1.54857,1.2826,0.01333,0.66939,0.4724,0.49268,0.24707,1.77313,1.50504,0.01867,0.000422678,0.000422678,0.000422678
39,722.204,1.53091,1.25659,0.01256,0.77422,0.45577,0.49328,0.24378,1.77468,1.49066,0.01881,0.000416075,0.000416075,0.000416075
40,740.335,1.51527,1.20911,0.01277,0.70243,0.47555,0.49179,0.24413,1.79436,1.48407,0.01879,0.000409471,0.000409471,0.000409471
41,758.647,1.52748,1.23437,0.01274,0.77819,0.46458,0.51746,0.24891,1.79099,1.50438,0.01926,0.000402868,0.000402868,0.000402868
42,777.138,1.51036,1.23528,0.01267,0.75526,0.47461,0.50662,0.24799,1.79951,1.47446,0.01882,0.000396265,0.000396265,0.000396265
43,795.17,1.52912,1.22929,0.0126,0.7385,0.46879,0.50765,0.25389,1.80279,1.46058,0.01934,0.000389661,0.000389661,0.000389661
44,813.657,1.51579,1.22158,0.01269,0.69633,0.48566,0.51683,0.25686,1.77725,1.42712,0.01874,0.000383058,0.000383058,0.000383058
45,832.098,1.51099,1.2154,0.01258,0.68814,0.48611,0.50274,0.25421,1.79279,1.44273,0.01937,0.000376455,0.000376455,0.000376455
46,851.949,1.49788,1.1947,0.01226,0.81856,0.43442,0.48904,0.24477,1.80473,1.47963,0.01935,0.000369851,0.000369851,0.000369851
47,875.039,1.5006,1.19615,0.01242,0.71572,0.47304,0.49411,0.2383,1.81588,1.45117,0.01909,0.000363248,0.000363248,0.000363248
48,900.034,1.49941,1.18693,0.01271,0.71189,0.48977,0.51182,0.24666,1.79235,1.46511,0.01908,0.000356645,0.000356645,0.000356645
49,923.366,1.49894,1.17156,0.01257,0.72774,0.49712,0.5114,0.25186,1.81883,1.43531,0.0192,0.000350042,0.000350042,0.000350042
50,946.539,1.48516,1.1592,0.01223,0.64713,0.4936,0.51457,0.26012,1.79047,1.43804,0.01891,0.000343438,0.000343438,0.000343438
51,969.809,1.49755,1.17424,0.01221,0.64053,0.46455,0.50278,0.25006,1.80667,1.45444,0.01903,0.000336835,0.000336835,0.000336835
52,993.145,1.48449,1.14872,0.01225,0.68414,0.49842,0.5262,0.25611,1.79441,1.39826,0.01892,0.000330232,0.000330232,0.000330232
53,1018.18,1.46211,1.13289,0.01205,0.70159,0.46347,0.50896,0.25319,1.81255,1.42165,0.01895,0.000323628,0.000323628,0.000323628
54,1043.32,1.46836,1.12891,0.01176,0.7312,0.45329,0.49531,0.25022,1.82513,1.4304,0.01932,0.000317025,0.000317025,0.000317025
55,1065.86,1.46688,1.11186,0.01192,0.80696,0.46037,0.51234,0.24657,1.81032,1.4361,0.01927,0.000310422,0.000310422,0.000310422
56,1084.13,1.46459,1.10807,0.01223,0.64974,0.48321,0.50903,0.25355,1.79978,1.42609,0.01884,0.000303818,0.000303818,0.000303818
57,1104.85,1.47629,1.10824,0.01188,0.6568,0.47034,0.51342,0.25328,1.77551,1.42847,0.01864,0.000297215,0.000297215,0.000297215
58,1128.84,1.46273,1.10302,0.01171,0.73585,0.47076,0.50428,0.25032,1.78125,1.43744,0.01863,0.000290612,0.000290612,0.000290612
59,1151.39,1.46108,1.08342,0.01168,0.63008,0.47168,0.50006,0.24331,1.82561,1.46172,0.0192,0.000284009,0.000284009,0.000284009
60,1174.56,1.4481,1.08158,0.01195,0.68973,0.47916,0.50687,0.25093,1.84417,1.43092,0.01953,0.000277405,0.000277405,0.000277405
61,1197.98,1.45529,1.10515,0.01207,0.70281,0.48285,0.50374,0.2445,1.81795,1.44369,0.01903,0.000270802,0.000270802,0.000270802
62,1218.36,1.4434,1.07849,0.01141,0.76229,0.46063,0.51444,0.25063,1.81258,1.41801,0.01886,0.000264199,0.000264199,0.000264199
63,1236.62,1.44392,1.07231,0.0116,0.5925,0.50314,0.50431,0.24603,1.82789,1.40778,0.01912,0.000257595,0.000257595,0.000257595
64,1254.69,1.42658,1.04049,0.0117,0.74771,0.4861,0.51657,0.25272,1.8032,1.40278,0.01908,0.000250992,0.000250992,0.000250992
65,1272.99,1.43007,1.06686,0.01187,0.79748,0.45106,0.5066,0.25241,1.79726,1.41996,0.01889,0.000244389,0.000244389,0.000244389
66,1291.49,1.43087,1.04012,0.01126,0.64941,0.47719,0.50767,0.24516,1.82008,1.43287,0.01899,0.000237785,0.000237785,0.000237785
67,1309.88,1.4246,1.03226,0.01147,0.70818,0.48379,0.51036,0.25064,1.80827,1.44929,0.01918,0.000231182,0.000231182,0.000231182
68,1328.26,1.43484,1.05646,0.01153,0.74894,0.47186,0.51913,0.25573,1.80635,1.38251,0.01883,0.000224579,0.000224579,0.000224579
69,1346.51,1.41378,1.02699,0.01123,0.71233,0.46539,0.50024,0.24439,1.83011,1.40948,0.01899,0.000217976,0.000217976,0.000217976
70,1364.97,1.42871,1.03643,0.01143,0.82987,0.43962,0.51046,0.25039,1.81147,1.42822,0.01911,0.000211372,0.000211372,0.000211372
71,1383.15,1.39511,1.00124,0.01123,0.65479,0.47508,0.50835,0.24954,1.80568,1.44612,0.01866,0.000204769,0.000204769,0.000204769
72,1401.51,1.4062,1.00796,0.01117,0.77971,0.45981,0.51159,0.24805,1.80897,1.44967,0.01878,0.000198166,0.000198166,0.000198166
73,1419.84,1.39036,0.9964,0.01094,0.80167,0.4628,0.51609,0.25474,1.79519,1.45153,0.0188,0.000191562,0.000191562,0.000191562
74,1438.19,1.40383,1.02935,0.01104,0.64565,0.48869,0.5121,0.24917,1.80787,1.42417,0.01878,0.000184959,0.000184959,0.000184959
75,1456.34,1.39003,1.00493,0.0112,0.64265,0.49735,0.5097,0.24911,1.82106,1.41144,0.01919,0.000178356,0.000178356,0.000178356
76,1474.65,1.41063,1.00515,0.01101,0.59066,0.50651,0.50924,0.24796,1.81775,1.43398,0.01897,0.000171752,0.000171752,0.000171752
77,1492.87,1.37353,0.9789,0.01127,0.73365,0.49211,0.51208,0.25293,1.81154,1.42222,0.01901,0.000165149,0.000165149,0.000165149
78,1511.07,1.38191,0.9863,0.01133,0.64835,0.49309,0.50689,0.24614,1.80893,1.41162,0.019,0.000158546,0.000158546,0.000158546
79,1529.41,1.38723,0.98048,0.01085,0.62556,0.4939,0.51165,0.25171,1.79557,1.43272,0.01874,0.000151943,0.000151943,0.000151943
80,1547.77,1.37779,0.97549,0.01103,0.59578,0.51813,0.51035,0.24818,1.80535,1.4186,0.01894,0.000145339,0.000145339,0.000145339
81,1565.98,1.38068,0.9893,0.0109,0.63148,0.48971,0.51531,0.25071,1.78997,1.43439,0.01868,0.000138736,0.000138736,0.000138736
82,1584.25,1.38772,0.98265,0.01089,0.64794,0.48106,0.51159,0.24715,1.80644,1.42142,0.01876,0.000132133,0.000132133,0.000132133
83,1602.56,1.37743,0.97757,0.01077,0.62532,0.5139,0.51741,0.25182,1.81707,1.40169,0.01886,0.000125529,0.000125529,0.000125529
84,1620.79,1.37479,0.96951,0.01082,0.65131,0.48342,0.51566,0.25303,1.81825,1.38871,0.0188,0.000118926,0.000118926,0.000118926
85,1638.95,1.37676,0.97307,0.01074,0.60552,0.52672,0.5136,0.2527,1.81971,1.3955,0.01897,0.000112323,0.000112323,0.000112323
86,1657.08,1.37234,0.97684,0.01108,0.67497,0.46011,0.50757,0.24999,1.81212,1.40831,0.01879,0.00010572,0.00010572,0.00010572
87,1675.3,1.34782,0.94212,0.01084,0.6441,0.50034,0.51784,0.25422,1.8078,1.409,0.01892,9.91162e-05,9.91162e-05,9.91162e-05
88,1693.51,1.35582,0.96043,0.01059,0.64745,0.4914,0.51781,0.252,1.80793,1.39461,0.01896,9.25129e-05,9.25129e-05,9.25129e-05
89,1711.76,1.36055,0.9576,0.0107,0.61973,0.51688,0.52651,0.25364,1.80334,1.3733,0.0188,8.59096e-05,8.59096e-05,8.59096e-05
90,1730.05,1.37687,0.97839,0.01083,0.59339,0.52769,0.52256,0.25469,1.81119,1.38079,0.01897,7.93063e-05,7.93063e-05,7.93063e-05
91,1764.94,1.35196,0.83641,0.01251,0.59737,0.51214,0.51019,0.24743,1.83613,1.42005,0.01909,7.2703e-05,7.2703e-05,7.2703e-05
92,1782.78,1.32973,0.80152,0.0123,0.6176,0.49574,0.51278,0.25287,1.82424,1.39831,0.01894,6.60997e-05,6.60997e-05,6.60997e-05
93,1800.5,1.31274,0.79473,0.01213,0.63664,0.49011,0.51886,0.2531,1.83008,1.39137,0.01907,5.94964e-05,5.94964e-05,5.94964e-05
94,1823.08,1.31201,0.80009,0.01198,0.66399,0.47583,0.51038,0.24833,1.83924,1.39246,0.0192,5.28931e-05,5.28931e-05,5.28931e-05
95,1847.12,1.31416,0.79233,0.01173,0.60461,0.50863,0.51765,0.25043,1.82707,1.38653,0.01901,4.62898e-05,4.62898e-05,4.62898e-05
96,1865.6,1.30341,0.78578,0.01182,0.60532,0.53057,0.52253,0.255,1.83011,1.38131,0.01906,3.96865e-05,3.96865e-05,3.96865e-05
97,1883.23,1.301,0.78443,0.0118,0.62823,0.53498,0.52001,0.25184,1.83327,1.38824,0.01908,3.30832e-05,3.30832e-05,3.30832e-05
98,1901.06,1.29641,0.78738,0.01199,0.61952,0.51085,0.5144,0.25189,1.83091,1.39547,0.0191,2.64799e-05,2.64799e-05,2.64799e-05
99,1918.93,1.29099,0.78936,0.01163,0.62157,0.51613,0.51713,0.25132,1.83322,1.39763,0.01911,1.98766e-05,1.98766e-05,1.98766e-05
100,1936.67,1.28656,0.77248,0.01161,0.61413,0.51211,0.51827,0.25375,1.83245,1.39484,0.01908,1.32733e-05,1.32733e-05,1.32733e-05
